{
  "IcoMoonType": "selection",
  "icons": [
    {
      "icon": {
        "paths": [
          "M432.4 453.5l-17 46.7h34.4z",
          "M725.3 259.7h-413.1c-16.5 0-30 13.5-30 30v413.1c0 16.5 13.5 30 30 30h413.1c16.5 0 30-13.5 30-30v-413.1c0-16.6-13.5-30-30-30zM626.5 424.2h25.4v125.8h-25.4v-125.8zM510 424.2h40.8c15.5 0 25.5 0.6 30.2 1.9 7.2 1.9 13.2 6 18.1 12.3s7.3 14.5 7.3 24.5c0 7.7-1.4 14.2-4.2 19.5s-6.4 9.4-10.7 12.4c-4.3 3-8.7 5-13.2 6-6.1 1.2-14.8 1.8-26.4 1.8h-16.6v47.4h-25.3v-125.8zM419.3 424.2h26.9l50.3 125.8h-27.6l-11-28.6h-50.3l-10.4 28.6h-27l49.1-125.8zM648.4 697.5h-295.8c-19.4 0-35.1-15.7-35.1-35.1v-295c0-5.5 4.5-10 10-10s10 4.5 10 10v295c0 8.3 6.8 15.1 15.1 15.1h295.8c5.5 0 10 4.5 10 10s-4.4 10-10 10z",
          "M569.4 479.2c3.4-1.3 6-3.4 7.9-6.2s2.9-6.1 2.9-9.8c0-4.6-1.3-8.4-4-11.3-2.7-3-6.1-4.8-10.2-5.6-3-0.6-9.1-0.9-18.3-0.9h-12.3v35.7h13.9c10 0.1 16.7-0.6 20.1-1.9z",
          "M648.4 677.5h-295.8c-8.3 0-15.1-6.8-15.1-15.1v-295c0-5.5-4.5-10-10-10s-10 4.5-10 10v295c0 19.4 15.7 35.1 35.1 35.1h295.8c5.5 0 10-4.5 10-10s-4.4-10-10-10z",
          "M865 386.5c11 0 20-9 20-20s-9-20-20-20h-69.7v-56.8c0-38.6-31.4-70-70-70h-27.8v-67.3c0-11-9-20-20-20s-20 9-20 20v67.3h-46.5v-67.3c0-11-9-20-20-20s-20 9-20 20v67.3h-46.5v-67.3c0-11-9-20-20-20s-20 9-20 20v67.3h-46.5v-67.3c0-11-9-20-20-20s-20 9-20 20v67.3h-85.8c-38.6 0-70 31.4-70 70v56.8h-69.7c-11 0-20 9-20 20s9 20 20 20h69.7v46.5h-69.7c-11 0-20 9-20 20s9 20 20 20h69.7v46.5h-69.7c-11 0-20 9-20 20s9 20 20 20h69.7v46.5h-69.7c-11 0-20 9-20 20s9 20 20 20h69.7v56.8c0 38.6 31.4 70 70 70h30.8v72.5c0 11 9 20 20 20s20-9 20-20v-72.5h46.5v72.5c0 11 9 20 20 20s20-9 20-20v-72.5h46.5v72.5c0 11 9 20 20 20s20-9 20-20v-72.5h46.5v72.5c0 11 9 20 20 20s20-9 20-20v-72.5h82.8c38.6 0 70-31.4 70-70v-56.8h69.7c11 0 20-9 20-20s-9-20-20-20h-69.7v-46.5h69.7c11 0 20-9 20-20s-9-20-20-20h-69.7v-46.5h69.7c11 0 20-9 20-20s-9-20-20-20h-69.7v-46.5h69.7zM755.3 702.7c0 16.5-13.5 30-30 30h-413.1c-16.5 0-30-13.5-30-30v-413c0-16.5 13.5-30 30-30h413.1c16.5 0 30 13.5 30 30v413z",
          "M407.6 521.4h50.3l11 28.6h27.6l-50.4-125.8h-26.9l-49 125.8h27l10.4-28.6zM432.4 453.5l17.3 46.7h-34.3l17-46.7zM535.4 502.6h16.6c11.5 0 20.3-0.6 26.4-1.8 4.5-1 8.9-3 13.2-6s7.9-7.1 10.7-12.4 4.2-11.8 4.2-19.5c0-10-2.4-18.2-7.3-24.5s-10.9-10.4-18.1-12.3c-4.7-1.3-14.8-1.9-30.2-1.9h-40.9v125.8h25.4v-47.4zM535.4 445.5h12.3c9.2 0 15.2 0.3 18.3 0.9 4.1 0.7 7.5 2.6 10.2 5.6s4 6.8 4 11.3c0 3.7-1 7-2.9 9.8s-4.6 4.9-7.9 6.2c-3.4 1.3-10.1 2-20.1 2h-13.9v-35.8zM626.5 424.2h25.4v125.8h-25.4z"
        ],
        "attrs": [
          {
            "fill": "rgb(255, 255, 255)"
          },
          {
            "fill": "rgb(255, 255, 255)"
          },
          {
            "fill": "rgb(255, 255, 255)"
          },
          {
            "fill": "rgb(6, 243, 255)"
          },
          {
            "fill": "rgb(0, 91, 255)"
          },
          {
            "fill": "rgb(0, 91, 255)"
          }
        ],
        "isMulticolor": true,
        "isMulticolor2": false,
        "grid": 16,
        "tags": [
          "api-interface-svgrepo-com"
        ],
        "colorPermutations": {
          "2302302301255255255162432551912551": [
            {
              "f": 3
            },
            {
              "f": 3
            },
            {
              "f": 3
            },
            {
              "f": 1
            },
            {
              "f": 0
            },
            {
              "f": 0
            }
          ]
        }
      },
      "attrs": [
        {
          "fill": "rgb(255, 255, 255)"
        },
        {
          "fill": "rgb(255, 255, 255)"
        },
        {
          "fill": "rgb(255, 255, 255)"
        },
        {
          "fill": "rgb(6, 243, 255)"
        },
        {
          "fill": "rgb(0, 91, 255)"
        },
        {
          "fill": "rgb(0, 91, 255)"
        }
      ],
      "properties": {
        "order": 6,
        "id": 493,
        "name": "api-interface-svgrepo-com",
        "prevSize": 32
      },
      "setIdx": 0,
      "setId": 1,
      "iconIdx": 0
    }
  ],
  "height": 1024,
  "preferences": {
    "showGlyphs": true,
    "showQuickUse": true,
    "showQuickUse2": true,
    "showSVGs": true,
    "fontPref": {
      "prefix": "icon-",
      "metadata": {
        "fontFamily": "icomoon"
      },
      "metrics": {
        "emSize": 1024,
        "baseline": 6.25,
        "whitespace": 50
      },
      "embed": false
    },
    "imagePref": {
      "prefix": "icon-",
      "png": true,
      "useClassSelector": true,
      "color": 0,
      "bgColor": 16777215,
      "classSelector": ".icon",
      "name": "icomoon"
    },
    "historySize": 50,
    "showCodes": true,
    "gridSize": 16
  }
}